{
  "id": "92112d97-bb64-4b44-86f2-ea5691ef8f6e",
  "revision": 0,
  "last_node_id": 31,
  "last_link_id": 59,
  "nodes": [
    {
      "id": 13,
      "type": "EmptySD3LatentImage",
      "pos": [
        530,
        620
      ],
      "size": [
        315,
        106
      ],
      "flags": {},
      "order": 0,
      "mode": 0,
      "inputs": [],
      "outputs": [
        {
          "name": "LATENT",
          "type": "LATENT",
          "slot_index": 0,
          "links": [
            17
          ]
        }
      ],
      "properties": {
        "Node name for S&R": "EmptySD3LatentImage"
      },
      "widgets_values": [
        1024,
        1024,
        1
      ]
    },
    {
      "id": 7,
      "type": "CLIPTextEncode",
      "pos": [
        420,
        400
      ],
      "size": [
        425.27801513671875,
        180.6060791015625
      ],
      "flags": {},
      "order": 3,
      "mode": 0,
      "inputs": [
        {
          "name": "clip",
          "type": "CLIP",
          "link": 44
        }
      ],
      "outputs": [
        {
          "name": "CONDITIONING",
          "type": "CONDITIONING",
          "slot_index": 0,
          "links": [
            6
          ]
        }
      ],
      "title": "CLIP Text Encode (Negative Prompt)",
      "properties": {
        "Node name for S&R": "CLIPTextEncode"
      },
      "widgets_values": [
        "blurry ugly bad"
      ],
      "color": "#322",
      "bgcolor": "#533"
    },
    {
      "id": 8,
      "type": "VAEDecode",
      "pos": [
        1826.5691087769542,
        192.4670427207268
      ],
      "size": [
        210,
        46
      ],
      "flags": {},
      "order": 7,
      "mode": 0,
      "inputs": [
        {
          "name": "samples",
          "type": "LATENT",
          "link": 51
        },
        {
          "name": "vae",
          "type": "VAE",
          "link": 56
        }
      ],
      "outputs": [
        {
          "name": "IMAGE",
          "type": "IMAGE",
          "slot_index": 0,
          "links": [
            57
          ]
        }
      ],
      "properties": {
        "Node name for S&R": "VAEDecode"
      },
      "widgets_values": []
    },
    {
      "id": 6,
      "type": "CLIPTextEncode",
      "pos": [
        420,
        190
      ],
      "size": [
        423.83001708984375,
        177.11770629882812
      ],
      "flags": {},
      "order": 2,
      "mode": 0,
      "inputs": [
        {
          "name": "clip",
          "type": "CLIP",
          "link": 43
        }
      ],
      "outputs": [
        {
          "name": "CONDITIONING",
          "type": "CONDITIONING",
          "slot_index": 0,
          "links": [
            4,
            58
          ]
        }
      ],
      "title": "CLIP Text Encode (Positive Prompt)",
      "properties": {
        "Node name for S&R": "CLIPTextEncode"
      },
      "widgets_values": [
        "cute anime style girl with massive fluffy fennec ears and a big fluffy tail blonde messy long hair blue eyes wearing a maid outfit with a long black gold leaf pattern dress and a white apron, it is a postcard held by a hand in front of a beautiful realistic city at sunset and there is cursive writing that says \"ZImage, Now in ComfyUI\""
      ],
      "color": "#232",
      "bgcolor": "#353"
    },
    {
      "id": 31,
      "type": "UNETLoader_Any",
      "pos": [
        870.373060989916,
        44.22078072939189
      ],
      "size": [
        270,
        82
      ],
      "flags": {},
      "order": 4,
      "mode": 0,
      "inputs": [
        {
          "name": "any",
          "shape": 7,
          "type": "*",
          "link": 58
        }
      ],
      "outputs": [
        {
          "name": "MODEL",
          "type": "MODEL",
          "links": [
            59
          ]
        }
      ],
      "properties": {
        "Node name for S&R": "UNETLoader_Any"
      },
      "widgets_values": [
        "z_image_turbo_bf16.safetensors",
        "default"
      ]
    },
    {
      "id": 18,
      "type": "CLIPLoader",
      "pos": [
        71.06591455854638,
        187.51018103026595
      ],
      "size": [
        270,
        106
      ],
      "flags": {},
      "order": 1,
      "mode": 0,
      "inputs": [],
      "outputs": [
        {
          "name": "CLIP",
          "type": "CLIP",
          "links": [
            43,
            44
          ]
        }
      ],
      "properties": {
        "Node name for S&R": "CLIPLoader"
      },
      "widgets_values": [
        "qwen_3_4b.safetensors",
        "lumina2",
        "default"
      ]
    },
    {
      "id": 3,
      "type": "KSampler",
      "pos": [
        1173.4596288445618,
        191.58377677523364
      ],
      "size": [
        315,
        474
      ],
      "flags": {},
      "order": 5,
      "mode": 0,
      "inputs": [
        {
          "name": "model",
          "type": "MODEL",
          "link": 59
        },
        {
          "name": "positive",
          "type": "CONDITIONING",
          "link": 4
        },
        {
          "name": "negative",
          "type": "CONDITIONING",
          "link": 6
        },
        {
          "name": "latent_image",
          "type": "LATENT",
          "link": 17
        }
      ],
      "outputs": [
        {
          "name": "LATENT",
          "type": "LATENT",
          "slot_index": 0,
          "links": [
            51,
            55
          ]
        }
      ],
      "properties": {
        "Node name for S&R": "KSampler"
      },
      "widgets_values": [
        804224263771352,
        "fixed",
        9,
        1,
        "euler",
        "simple",
        1
      ]
    },
    {
      "id": 29,
      "type": "VAELoader_Any",
      "pos": [
        1523.6789375434823,
        297.7258811414354
      ],
      "size": [
        270,
        58
      ],
      "flags": {},
      "order": 6,
      "mode": 0,
      "inputs": [
        {
          "name": "any",
          "shape": 7,
          "type": "*",
          "link": 55
        }
      ],
      "outputs": [
        {
          "name": "VAE",
          "type": "VAE",
          "links": [
            56
          ]
        }
      ],
      "properties": {
        "Node name for S&R": "VAELoader_Any"
      },
      "widgets_values": [
        "ae.safetensors"
      ]
    },
    {
      "id": 30,
      "type": "PreviewImage",
      "pos": [
        2063.0748519590647,
        197.21731342238334
      ],
      "size": [
        366.7024979539101,
        459.3014762944291
      ],
      "flags": {},
      "order": 8,
      "mode": 0,
      "inputs": [
        {
          "name": "images",
          "type": "IMAGE",
          "link": 57
        }
      ],
      "outputs": [],
      "properties": {
        "Node name for S&R": "PreviewImage"
      },
      "widgets_values": []
    }
  ],
  "links": [
    [
      4,
      6,
      0,
      3,
      1,
      "CONDITIONING"
    ],
    [
      6,
      7,
      0,
      3,
      2,
      "CONDITIONING"
    ],
    [
      17,
      13,
      0,
      3,
      3,
      "LATENT"
    ],
    [
      43,
      18,
      0,
      6,
      0,
      "CLIP"
    ],
    [
      44,
      18,
      0,
      7,
      0,
      "CLIP"
    ],
    [
      51,
      3,
      0,
      8,
      0,
      "LATENT"
    ],
    [
      55,
      3,
      0,
      29,
      0,
      "*"
    ],
    [
      56,
      29,
      0,
      8,
      1,
      "VAE"
    ],
    [
      57,
      8,
      0,
      30,
      0,
      "IMAGE"
    ],
    [
      58,
      6,
      0,
      31,
      0,
      "*"
    ],
    [
      59,
      31,
      0,
      3,
      0,
      "MODEL"
    ]
  ],
  "groups": [],
  "config": {},
  "extra": {
    "ds": {
      "scale": 0.5730855330116982,
      "offset": [
        297.7596222557897,
        269.5194773903112
      ]
    },
    "frontendVersion": "1.33.10"
  },
  "version": 0.4
}